Unicode,KcK50l,KcK50d,KcK100l,KcK100d,ScS50d,ScS50d,KcaK50l,KcaK50d,KcaK100l,KcaK100d,ScaS50d,ScaS50d
0x0054,0.9344,0.32,0.9406,0.1311111111,0.9604,0.2727272727,0.988,0.95,0.9786,0.5244444444,0.9672,0.3409090909
0x30E1,0.9196,0.3712121212,0.9425,0.201946472,0.9552,0.9466666667,0.9492,0.2196969697,0.9532,0.0900243309,0.9664,0.4133333333
0x304F,0.932,0.3157894737,0.9543,0.1637010676,0.9704,1,0.9528,0.1578947368,0.9651,0.07473309609,0.9792,0.4509803922
0x3081,0.936,0.8032786885,0.9353,0.4960835509,0.9264,0.9113924051,0.9132,0.2745901639,0.9356,0.2597911227,0.938,0.417721519
0x30B1,0.9356,0.5789473684,0.9486,0.34375,0.9628,0.9504132231,0.9332,0.1578947368,0.9521,0.1339285714,0.9692,0.5619834711
0x30CE,0.9628,0.5512820513,0.9695,0.2914979757,0.9648,0.7142857143,0.9696,0.2435897436,0.9762,0.1700404858,0.9744,0.2244897959
0x3052,0.9048,0.5463414634,0.9261,0.3578595318,0.9112,0.685483871,0.9204,0.2390243902,0.936,0.135451505,0.9392,0.2822580645
0x30DE,0.9472,0.6197183099,0.9592,0.4494117647,0.9024,0.06896551724,0.9376,0.1690140845,0.9589,0.1741176471,0.9368,0.04597701149
0x30A3,0.9472,0.3775510204,0.9658,0.2832764505,0.9448,0.3921568627,0.9488,0.112244898,0.9667,0.07508532423,0.9628,0.01960784314
0x30F3,0.9624,0.6666666667,0.9688,0.3938356164,0.9344,0.2641509434,0.9664,0.247311828,0.964,0.04109589041,0.956,0
0x0066,0.9624,0.5909090909,0.9734,0.4820359281,0.976,0.8679245283,0.9448,0.1704545455,0.9629,0.2065868263,0.9588,0.1320754717
0x307D,0.8296,0.4171779141,0.8604,0.1772151899,0.8264,0.3684210526,0.8452,0.1042944785,0.8886,0.09071729958,0.892,0.2105263158
0x3060,0.9128,0.6203703704,0.9266,0.3663522013,0.8988,0.5916666667,0.914,0.1898148148,0.9293,0.1022012579,0.952,0.375
0x0038,0.8916,0.44921875,0.9106,0.3145539906,0.9216,0.623853211,0.8996,0.234375,0.9196,0.1643192488,0.936,0.2385321101
0x0048,0.9156,0.4946808511,0.8889,0.3526315789,0.9304,0.5681818182,0.944,0.6063829787,0.9402,0.3368421053,0.9584,0.6931818182
0x3075,0.9588,0.7565789474,0.9635,0.4515418502,0.9404,0.8142857143,0.9448,0.1842105263,0.9589,0.1828193833,0.9624,0.2571428571
0x30B8,0.9188,0.4571428571,0.9426,0.255,0.9308,0.8421052632,0.9424,0.1571428571,0.9582,0.1275,0.964,0.3947368421
0x3088,0.9004,0.3859649123,0.9171,0.1507092199,0.9448,0.8272727273,0.9028,0.1169590643,0.9297,0.04078014184,0.9616,0.4545454545
0x30E8,0.93,0.5975609756,0.9356,0.3194888179,0.9204,0.3387096774,0.93,0.256097561,0.9372,0.1501597444,0.9144,0.185483871
0x30AB,0.9468,0.7405405405,0.9563,0.5242369838,0.946,0.947826087,0.936,0.3405405405,0.953,0.2513464991,0.9424,0.2956521739
0x0073,0.9132,0.2830188679,0.9362,0.1123110151,0.9256,0.09836065574,0.9316,0.1383647799,0.9488,0.08207343413,0.9572,0.01639344262
0x306A,0.9124,0.6214953271,0.9229,0.3642960813,0.916,0.8095238095,0.9108,0.214953271,0.9329,0.1683599419,0.946,0.3571428571
0x3047,0.9416,0.6887417219,0.9537,0.4739039666,0.8836,0.1111111111,0.9436,0.2119205298,0.9542,0.1753653445,0.9392,0.04444444444
0x30D4,0.8952,0.3554216867,0.9311,0.2411764706,0.896,0.4017094017,0.9116,0.03614457831,0.9418,0.1098039216,0.924,0.1709401709
0x0041,0.9608,0.7849462366,0.9622,0.5316045381,0.9516,1,0.9356,0.311827957,0.9463,0.2139384117,0.9456,0.2210526316
0x305C,0.8416,0.2739726027,0.8898,0.1112877583,0.8748,0.5211267606,0.896,0.1689497717,0.92,0.06836248013,0.9504,0.5070422535
0x30C4,0.9616,0.7586206897,0.9668,0.4589665653,0.9552,0.9705882353,0.9636,0.3017241379,0.9713,0.2340425532,0.966,0.2794117647
0x0031,0.924,0.1170212766,0.9637,0.02678571429,0.972,0.8510638298,0.9416,0.03191489362,0.9656,0.03571428571,0.9844,0.4680851064
0x3094,0.8948,0.3266666667,0.9303,0.2024793388,0.9496,1,0.9276,0.1066666667,0.9417,0.06198347107,0.9476,0.09638554217
0x3069,0.884,0.3085714286,0.9203,0.1839285714,0.9272,0.7741935484,0.9148,0.1314285714,0.9373,0.09285714286,0.9668,0.4623655914
0x306D,0.8684,0.5475409836,0.8949,0.3432017544,0.91,0.8192090395,0.8584,0.08524590164,0.8996,0.1228070175,0.932,0.4858757062
0x0076,0.99,0.8898305085,0.9828,0.5803814714,0.9344,0,0.9696,0.3898305085,0.9701,0.2207084469,0.9628,0
0x0058,0.9616,0.835106383,0.9733,0.6446700508,0.934,0.7333333333,0.9488,0.3776595745,0.9546,0.2588832487,0.9576,0.3555555556
0x006B,0.8772,0.1507537688,0.9404,0.09174311927,0.9496,0.5833333333,0.9144,0.2311557789,0.9392,0.05963302752,0.9776,0.625
0x3070,0.8772,0.5598591549,0.8927,0.2619354839,0.862,0.4935897436,0.8956,0.2429577465,0.9187,0.144516129,0.916,0.3205128205
0x30C1,0.9436,0.6863905325,0.95,0.4263565891,0.9452,0.9150943396,0.934,0.2603550296,0.9504,0.1996124031,0.9376,0.2075471698
0x3091,0.8452,0.4267100977,0.8824,0.269874477,0.914,0.8823529412,0.89,0.2377850163,0.904,0.1453974895,0.914,0.2673796791
0x0034,0.9544,0.8260869565,0.9598,0.5041152263,0.928,0.3608247423,0.9204,0.1231884058,0.9483,0.158436214,0.9456,0.2164948454
0x305F,0.9364,0.7165775401,0.9501,0.4838709677,0.9316,0.8,0.9316,0.2406417112,0.9399,0.1272401434,0.96,0.44
0x30D1,0.9284,0.519379845,0.9464,0.3269230769,0.9552,0.9480519481,0.9408,0.1162790698,0.9543,0.1274038462,0.956,0.2337662338
0x0044,0.9644,0.8473684211,0.9618,0.5743034056,0.94,0.7669902913,0.9356,0.3473684211,0.9384,0.1873065015,0.9456,0.3495145631
0x30EE,0.9616,0.5528455285,0.9595,0.3388625592,0.9164,0.1126760563,0.9496,0.2032520325,0.9588,0.182464455,0.9484,0.02816901408
0x3042,0.8388,0.3703703704,0.878,0.178343949,0.8956,0.7298850575,0.8932,0.2481481481,0.9063,0.09299363057,0.9272,0.3965517241
0x308E,0.9212,0.4726368159,0.924,0.333836858,0.9004,0.3557692308,0.918,0.1791044776,0.9287,0.1102719033,0.932,0.1442307692
0x30BE,0.9596,0.7835820896,0.9661,0.4963855422,0.9292,0.5652173913,0.9604,0.3208955224,0.9641,0.2144578313,0.9612,0.2028985507
0x004E,0.9732,0.9401709402,0.9397,0.4471086037,0.9068,0.5555555556,0.9244,0.3888888889,0.9255,0.1889985896,0.9516,0.4444444444
0x3057,0.9224,0.2523364486,0.9501,0.1590909091,0.97,1,0.9396,0.06542056075,0.9609,0.08441558442,0.9832,0.619047619
0x3079,0.9112,0.3671875,0.9397,0.1688654354,0.9216,0.3181818182,0.9284,0.0234375,0.9535,0.05540897098,0.9508,0
0x3084,0.9048,0.4848484848,0.9267,0.3043478261,0.938,0.9473684211,0.9164,0.1919191919,0.9344,0.1170568562,0.9604,0.4824561404
0x30B4,0.9224,0.487804878,0.9394,0.2755905512,0.92,0.5625,0.9304,0.1951219512,0.9451,0.1122047244,0.9508,0.4270833333
0x304C,0.9136,0.6486486486,0.9247,0.3483670295,0.8876,0.564516129,0.9096,0.2027027027,0.927,0.09953343701,0.944,0.3387096774
0x0051,0.9428,0.7375,0.9505,0.523364486,0.9288,0.7716535433,0.9252,0.3458333333,0.9423,0.2736982644,0.9236,0.1968503937
0x30E4,0.9732,0.9146341463,0.9695,0.6150627615,0.9496,0.9207920792,0.9472,0.3170731707,0.9648,0.2991631799,0.96,0.3861386139
0x30D8,0.9548,0.5588235294,0.9599,0.25,0.9296,0,0.9472,0.08823529412,0.9665,0.1118421053,0.9604,0
0x30C8,0.9756,0.7962962963,0.9514,0.1238095238,0.9692,0.5053763441,0.9592,0.3148148148,0.966,0.1968253968,0.958,0.4086021505
0x3065,0.9256,0.5508982036,0.9386,0.2983870968,0.9384,0.8222222222,0.9408,0.2814371257,0.9473,0.125,0.9588,0.3888888889
0x307A,0.9164,0.4315068493,0.9349,0.2061611374,0.9256,0.4691358025,0.922,0.02054794521,0.9489,0.07582938389,0.9424,0.04938271605
0x30F6,0.9576,0.6776859504,0.9673,0.4593837535,0.9092,0.164556962,0.9456,0.132231405,0.9662,0.1932773109,0.9452,0.07594936709
0x0063,0.9256,0.3071428571,0.9497,0.2105263158,0.9388,0.1090909091,0.9344,0.1142857143,0.9539,0.07655502392,0.9632,0.05454545455
0x30A6,0.9148,0.4583333333,0.94,0.3271028037,0.9556,0.9058823529,0.928,0.1666666667,0.9359,0.07102803738,0.962,0.3882352941
0x30F5,0.934,0.5666666667,0.9473,0.3333333333,0.9136,0.43,0.9424,0.22,0.9505,0.135021097,0.932,0.13
0x307B,0.8728,0.5053380783,0.888,0.2388613861,0.916,0.8300653595,0.8656,0.128113879,0.9144,0.150990099,0.9312,0.4444444444
0x30A5,0.934,0.4306569343,0.9409,0.1748768473,0.9148,0.1538461538,0.936,0.1094890511,0.9504,0.03694581281,0.948,0.07692307692
0x3048,0.9204,0.6842105263,0.9429,0.4747634069,0.9264,0.6754385965,0.9336,0.2789473684,0.9404,0.1813880126,0.9516,0.3245614035
0x3066,0.9036,0.3411764706,0.9182,0.06896551724,0.9092,0.3333333333,0.9132,0.06470588235,0.9387,0.02839756592,0.9456,0.1222222222
0x3087,0.9164,0.3666666667,0.9376,0.161971831,0.9108,0.2777777778,0.9316,0.1466666667,0.9497,0.07981220657,0.9496,0.2111111111
0x30B7,0.9336,0.4504504505,0.9546,0.2866043614,0.9552,0.9516129032,0.9532,0.1981981982,0.9633,0.09345794393,0.9712,0.3548387097
0x0052,0.9108,0.5287958115,0.9206,0.2621082621,0.9308,0.6417910448,0.9408,0.3926701571,0.9309,0.2136752137,0.912,0.1119402985
0x30E7,0.9268,0.4423076923,0.9463,0.2797356828,0.9136,0.1774193548,0.9404,0.2628205128,0.9529,0.1475770925,0.9192,0.1129032258
0x3054,0.9124,0.3235294118,0.9377,0.1846153846,0.9104,0.2027027027,0.9332,0.08088235294,0.9521,0.06153846154,0.9512,0.08108108108
0x30DC,0.9272,0.6941747573,0.933,0.3882175227,0.8848,0.525,0.9184,0.2087378641,0.9364,0.16918429,0.9244,0.35
0x004F,0.958,0.776744186,0.9693,0.6069802731,0.9568,0.9626168224,0.9376,0.376744186,0.9479,0.2564491654,0.952,0.4018691589
0x30CC,0.9268,0.5748502994,0.9389,0.3347280335,0.9072,0.4361702128,0.9308,0.2035928144,0.9486,0.1506276151,0.9304,0.07446808511
0x3041,0.914,0.6028708134,0.9189,0.2889245586,0.8776,0.3846153846,0.92,0.2153110048,0.9341,0.1524879615,0.9148,0.2051282051
0x30EF,0.932,0.5029239766,0.9402,0.2418032787,0.9204,0.3908045977,0.9264,0.1754385965,0.945,0.09221311475,0.9388,0.1034482759
0x308F,0.8536,0.3003802281,0.8753,0.1303827751,0.9348,0.8968253968,0.8784,0.08745247148,0.9015,0.05741626794,0.9576,0.4920634921
0x30BF,0.9348,0.6404494382,0.9354,0.3283858998,0.95,0.9019607843,0.9288,0.1797752809,0.9435,0.1372912801,0.9708,0.568627451
0x0069,0.992,0.890625,0.9806,0.756,0.9712,0.8181818182,0.9744,0.296875,0.983,0.32,0.9868,0.6060606061
0x30C2,0.9052,0.5329949239,0.9269,0.3056478405,0.9316,0.9572649573,0.9024,0.1015228426,0.93,0.08305647841,0.9272,0.3333333333
0x0037,0.9508,0.5918367347,0.9607,0.3968609865,0.958,0.6666666667,0.948,0.2585034014,0.9575,0.16367713,0.9716,0.3333333333
0x3092,0.8972,0.6330275229,0.9114,0.3245227606,0.9148,0.8951048951,0.8984,0.1788990826,0.9222,0.107195301,0.9544,0.4895104895
0x30D2,0.9764,0.8818897638,0.9636,0.5027027027,0.9544,0.8695652174,0.9612,0.3779527559,0.9717,0.3108108108,0.9472,0.2608695652
0x0047,0.9248,0.5893719807,0.9384,0.4229607251,0.95,0.9065420561,0.908,0.2125603865,0.9395,0.2099697885,0.9436,0.2990654206
0x305E,0.912,0.7392996109,0.9261,0.4863102999,0.9032,0.864516129,0.9108,0.2762645914,0.9296,0.1981747066,0.9472,0.4
0x30AD,0.9344,0.6759776536,0.941,0.3745583039,0.9472,0.9652173913,0.9336,0.2737430168,0.9467,0.1925795053,0.964,0.5304347826
0x3073,0.892,0.5568181818,0.9137,0.3355263158,0.8756,0.5390070922,0.9072,0.2462121212,0.9232,0.1421052632,0.9328,0.3120567376
0x006A,0.966,0.7727272727,0.9639,0.3415384615,0.9676,0.6739130435,0.9848,0.625,0.9755,0.3015384615,0.9872,0.5
0x0075,0.9656,0.6928571429,0.9459,0.2894736842,0.9572,0.582278481,0.9624,0.3571428571,0.9666,0.2210526316,0.9544,0.1265822785
0x30D7,0.9188,0.4917127072,0.9318,0.2621722846,0.8908,0.1440677966,0.9208,0.1325966851,0.9377,0.08988764045,0.922,0.07627118644
0x0042,0.9256,0.6527196653,0.9134,0.3156682028,0.9448,0.904,0.9312,0.4267782427,0.9312,0.2476958525,0.9232,0.192
0x30C7,0.8956,0.4308510638,0.9232,0.2517361111,0.898,0.41,0.9084,0.1117021277,0.9317,0.06944444444,0.938,0.47
0x0032,0.9228,0.4821428571,0.9312,0.170771757,0.932,0.4788732394,0.9176,0.1547619048,0.9323,0.07881773399,0.9472,0.0985915493
0x308C,0.8956,0.5509433962,0.9067,0.2959183673,0.9228,0.8057553957,0.9008,0.2188679245,0.9155,0.1224489796,0.9428,0.3669064748
0x30BC,0.924,0.6565656566,0.9388,0.4024390244,0.8856,0.5079365079,0.9284,0.2727272727,0.9318,0.07839721254,0.92,0.1428571429
0x30F9,0.856,0.174863388,0.905,0.09380234506,0.882,0.09734513274,0.9044,0.05464480874,0.9285,0.04857621441,0.9256,0.185840708
0x30EC,0.9268,0.3358778626,0.9558,0.2445820433,0.9508,0.6764705882,0.9344,0.09160305344,0.9613,0.08978328173,0.97,0.3823529412
0x30A9,0.9476,0.6,0.9446,0.2790697674,0.908,0.2474226804,0.924,0.1696969697,0.9471,0.0976744186,0.9456,0.2783505155
0x3044,0.9716,0.8037383178,0.9696,0.4491803279,0.9556,0.7727272727,0.958,0.2242990654,0.9687,0.1475409836,0.9596,0.1363636364
0x3058,0.9048,0.303030303,0.9377,0.1744791667,0.9336,0.6266666667,0.9304,0.07575757576,0.9529,0.09114583333,0.9752,0.5333333333
0x306B,0.9232,0.5705521472,0.9333,0.2777777778,0.9492,0.8076923077,0.9296,0.1656441718,0.9455,0.121031746,0.9536,0.1794871795
0x0070,0.9244,0.4406779661,0.9465,0.4107744108,0.9132,0.2680412371,0.9316,0.2542372881,0.951,0.2643097643,0.938,0.1340206186
0x30FA,0.8784,0.3523316062,0.9078,0.1023765996,0.8876,0.2,0.9004,0.0932642487,0.9309,0.04753199269,0.92,0.09565217391
0x006D,0.8948,0.4598214286,0.9343,0.3891402715,0.9016,0.2822580645,0.8892,0.1116071429,0.9412,0.2202111614,0.9224,0.1370967742
0x3076,0.9368,0.6477272727,0.9441,0.3763837638,0.9332,0.9340659341,0.928,0.125,0.9441,0.1143911439,0.946,0.1648351648
0x30AA,0.9216,0.5645933014,0.946,0.4234404537,0.9224,0.7826086957,0.9296,0.3014354067,0.9364,0.07939508507,0.9504,0.4086956522
0x007A,0.9364,0.3185185185,0.9598,0.3235955056,0.9368,0.1090909091,0.9416,0.1555555556,0.9508,0.06741573034,0.9596,0.05454545455
0x3063,0.9452,0.4587155963,0.9603,0.3025936599,0.922,0.07462686567,0.9676,0.376146789,0.9637,0.1469740634,0.9532,0.01492537313
0x30F0,0.9228,0.5882352941,0.9199,0.2396825397,0.924,0.9008264463,0.8972,0.2126696833,0.9324,0.1333333333,0.9312,0.4380165289
0x0065,0.8976,0.2688172043,0.9284,0.1810344828,0.9168,0.1234567901,0.91,0.09139784946,0.9348,0.07068965517,0.9456,0.0987654321
0x30CF,0.9472,0.5568181818,0.9667,0.4057971014,0.9312,0.03921568627,0.9608,0.2045454545,0.9717,0.1594202899,0.9632,0.03921568627
0x0079,0.9528,0.5149253731,0.9486,0.198019802,0.9144,0.04054054054,0.9584,0.2985074627,0.9571,0.1064356436,0.9516,0.02702702703
0x30DF,0.9532,0.7070707071,0.9633,0.4072847682,0.9536,0.8103448276,0.9512,0.1515151515,0.9645,0.119205298,0.9544,0
0x004C,0.9736,0.7165354331,0.9728,0.4740061162,0.9648,0.7,0.93,0.05511811024,0.9535,0.02752293578,0.9568,0.06
0x3051,0.8924,0.4033149171,0.9339,0.3313609467,0.9512,1,0.9248,0.2154696133,0.9442,0.1420118343,0.9732,0.7058823529
0x304E,0.8904,0.5427135678,0.9173,0.3317757009,0.8676,0.5448717949,0.9036,0.1206030151,0.9249,0.09345794393,0.92,0.2435897436
0x0057,0.9128,0.7263843648,0.9234,0.4654226125,0.9228,0.7612903226,0.9048,0.348534202,0.9128,0.1767288694,0.9436,0.464516129
0x30E2,0.9192,0.5675675676,0.9169,0.1285988484,0.8828,0.25,0.908,0.1243243243,0.9303,0.01919385797,0.8996,0.1339285714
0x3082,0.9184,0.5518867925,0.9295,0.2990196078,0.9224,0.6936936937,0.914,0.179245283,0.938,0.1454248366,0.9552,0.4144144144
0x30B2,0.9024,0.4357541899,0.9299,0.2641509434,0.9088,0.5480769231,0.9244,0.1675977654,0.9383,0.07924528302,0.9372,0.1826923077
0x3064,0.9384,0.5319148936,0.9483,0.2718446602,0.9096,0.09333333333,0.9508,0.3120567376,0.9554,0.1237864078,0.9444,0.05333333333
0x30C9,0.9196,0.375,0.9342,0.09090909091,0.9576,1,0.932,0.06617647059,0.9463,0.03282828283,0.9708,0.5277777778
0x30D9,0.918,0.3538461538,0.9375,0.1292875989,0.9256,0.4366197183,0.926,0.007692307692,0.9517,0.02638522427,0.9592,0.1549295775
0x30A7,0.9284,0.4444444444,0.9548,0.2492836676,0.9232,0.05194805195,0.9536,0.2478632479,0.9655,0.1805157593,0.9448,0.1818181818
0x0062,0.914,0.4790697674,0.9392,0.3594040968,0.9528,0.7878787879,0.9332,0.3720930233,0.9449,0.1527001862,0.96,0.4545454545
0x30F7,0.896,0.4,0.9204,0.1696113074,0.896,0.34,0.898,0.05853658537,0.9286,0.04770318021,0.9396,0.22
0x30CA,0.9396,0.5736434109,0.9534,0.3638392857,0.9592,1,0.944,0.2403100775,0.9506,0.1205357143,0.9592,0.5128205128
0x3056,0.9116,0.5760869565,0.9317,0.3485617597,0.8712,0.4153846154,0.9244,0.2065217391,0.9333,0.09306260575,0.9228,0.1692307692
0x004D,0.8976,0.6241610738,0.8946,0.2836801752,0.9048,0.7058823529,0.9172,0.3825503356,0.9044,0.1248630887,0.9216,0.3006535948
0x30DA,0.9088,0.3422818792,0.9284,0.1051401869,0.9308,0.4942528736,0.9192,0.006711409396,0.9453,0.03738317757,0.9548,0.2183908046
0x30E5,0.9564,0.6293103448,0.9692,0.4523809524,0.9308,0.2222222222,0.9572,0.275862069,0.9638,0.1398809524,0.944,0.1388888889
0x0050,0.9256,0.5033112583,0.9557,0.48,0.944,0.6120689655,0.9324,0.2185430464,0.9519,0.2347826087,0.9364,0.1724137931
0x304B,0.9332,0.6751269036,0.9471,0.4569892473,0.936,0.8558558559,0.9228,0.2284263959,0.9428,0.1612903226,0.9584,0.4504504505
0x30B5,0.9376,0.6705202312,0.9582,0.5089285714,0.9488,1,0.9424,0.3815028902,0.9515,0.2375,0.936,0.476635514
0x3085,0.94,0.7535545024,0.9483,0.507154213,0.8708,0.2971014493,0.9332,0.2796208531,0.9443,0.2209856916,0.9172,0.1594202899
0x3078,0.9448,0.5145631068,0.9602,0.2666666667,0.9284,0,0.9452,0.09708737864,0.9651,0.09,0.9588,0
0x0045,0.9372,0.6557377049,0.9194,0.1851851852,0.9312,0.1481481481,0.954,0.4754098361,0.949,0.3096296296,0.9388,0.0987654321
0x30D0,0.9304,0.5213675214,0.9492,0.3,0.9508,0.9402985075,0.9468,0.1538461538,0.9617,0.1277777778,0.958,0.1044776119
0x3090,0.9032,0.6267605634,0.9109,0.3705463183,0.9084,0.7757575758,0.8928,0.2429577465,0.917,0.1805225653,0.9196,0.303030303
0x0035,0.914,0.4416243655,0.9303,0.2610015175,0.9316,0.4823529412,0.9096,0.1319796954,0.9354,0.1380880121,0.9496,0.1529411765
0x30C0,0.9188,0.6262135922,0.9343,0.4750402576,0.9,0.5983606557,0.926,0.2475728155,0.9398,0.1787439614,0.9432,0.3278688525
0x30BD,0.9756,0.8224299065,0.9731,0.5014925373,0.9456,0.5762711864,0.9724,0.3831775701,0.972,0.2268656716,0.9668,0.186440678
0x308D,0.9004,0.5706806283,0.9271,0.3600682594,0.926,0.8130841121,0.9412,0.3246073298,0.9386,0.1433447099,0.9472,0.3177570093
0x3043,0.9664,0.7037037037,0.9744,0.4323308271,0.9352,0.2950819672,0.9728,0.2839506173,0.9752,0.1766917293,0.9656,0.1475409836
0x30ED,0.948,0.6607142857,0.9214,0.1366120219,0.91,0.4259259259,0.9292,0.2202380952,0.938,0.1074681239,0.9324,0.1851851852
0x005A,0.9508,0.7516339869,0.9623,0.5048543689,0.958,0.6020408163,0.9336,0.2679738562,0.9411,0.1569579288,0.9424,0.1224489796
0x0077,0.9,0.443438914,0.9017,0.1289398281,0.9064,0.24,0.8904,0.09502262443,0.9177,0.04011461318,0.9252,0.02
0x306E,0.9364,0.7280701754,0.9475,0.4971988796,0.8916,0.5038167939,0.9204,0.2719298246,0.9335,0.1960784314,0.9184,0.1755725191
0x3071,0.8696,0.5099337748,0.8921,0.2744360902,0.8604,0.5117647059,0.8888,0.2185430464,0.9196,0.179197995,0.9036,0.2823529412
0x006C,0.9976,1,0.9875,0.9109589041,0.9792,0.9487179487,0.9712,0.4444444444,0.9838,0.4452054795,0.9756,0.1538461538
0x30AF,0.9452,0.6405228758,0.9528,0.4091954023,0.9544,0.9166666667,0.9492,0.3137254902,0.9568,0.1885057471,0.9696,0.5119047619
0x0059,0.9764,0.8550724638,0.9722,0.5474452555,0.9648,0.953125,0.972,0.5072463768,0.9672,0.2481751825,0.9724,0.515625
0x30EA,0.9464,0.5426356589,0.9571,0.2610169492,0.9596,1,0.9524,0.2403100775,0.9618,0.06101694915,0.9764,0.6507936508
0x3046,0.9228,0.375,0.944,0.216080402,0.9648,0.9577464789,0.9388,0.1,0.9534,0.09296482412,0.978,0.5070422535
0x30BA,0.8956,0.4365482234,0.9266,0.2818336163,0.8952,0.5092592593,0.9156,0.1573604061,0.9343,0.09847198642,0.942,0.2777777778
0x308A,0.8992,0.2481751825,0.9356,0.1181318681,0.9516,0.925,0.9236,0.1094890511,0.9535,0.06043956044,0.9744,0.5
0x3068,0.9116,0.3716216216,0.936,0.2136929461,0.9548,0.9382716049,0.9304,0.1418918919,0.9457,0.09543568465,0.9632,0.3456790123
0x0030,0.9332,0.5858585859,0.939,0.3485086342,0.9444,0.7738095238,0.9248,0.2676767677,0.9373,0.1538461538,0.9532,0.2976190476
0x3095,0.916,0.4510869565,0.9237,0.1351351351,0.9048,0.3333333333,0.9284,0.1847826087,0.9418,0.08108108108,0.952,0.2903225806
0x30C5,0.932,0.6137931034,0.9423,0.2904761905,0.9152,0.5205479452,0.9452,0.2206896552,0.9572,0.1357142857,0.9604,0.2054794521
0x305B,0.8944,0.4766839378,0.9151,0.2057761733,0.9396,0.9921259843,0.9116,0.2279792746,0.9281,0.05415162455,0.9388,0.3464566929
0x30D5,0.936,0.5447761194,0.9508,0.2840095465,0.932,0.2837837838,0.9468,0.223880597,0.9523,0.09546539379,0.944,0.04054054054
0x30AC,0.924,0.6933962264,0.9392,0.4461778471,0.9088,0.6838235294,0.9192,0.25,0.9427,0.2215288612,0.92,0.1911764706
0x30E9,0.9376,0.5889570552,0.9493,0.3656565657,0.9184,0.3522727273,0.9288,0.1717791411,0.9444,0.09696969697,0.932,0.1136363636
0x006F,0.9252,0.3774834437,0.9463,0.248434238,0.9212,0.1518987342,0.9304,0.1456953642,0.9514,0.1419624217,0.9476,0.06329113924
0x3089,0.8948,0.3353293413,0.9332,0.259047619,0.954,0.9772727273,0.9416,0.2694610778,0.9404,0.0819047619,0.958,0.3068181818
0x30B9,0.9424,0.6494252874,0.9557,0.4674556213,0.902,0.2666666667,0.9196,0.1034482759,0.9506,0.1735700197,0.9356,0.06666666667
0x3074,0.8696,0.6142857143,0.9124,0.3540372671,0.8964,0.7197452229,0.9008,0.2357142857,0.9155,0.1316770186,0.9388,0.4267515924
0x0072,0.938,0.1098901099,0.9676,0.2427184466,0.9708,0.4411764706,0.956,0.06593406593,0.9681,0.09708737864,0.9792,0.2647058824
0x307E,0.9092,0.6529680365,0.9237,0.3844011142,0.8928,0.6274509804,0.9248,0.3470319635,0.9271,0.1880222841,0.9468,0.6339869281
0x0067,0.8612,0.1821705426,0.8963,0.07542262679,0.8948,0.2096774194,0.8768,0.07751937984,0.9121,0.03771131339,0.9276,0.1209677419
0x30F2,0.9272,0.5628742515,0.9431,0.3326133909,0.9064,0.4038461538,0.9352,0.2574850299,0.9512,0.1684665227,0.924,0.1923076923
0x30A2,0.9312,0.5231788079,0.9442,0.2794457275,0.9236,0.4756097561,0.94,0.1986754967,0.955,0.1454965358,0.9484,0.1829268293
0x0049,0.9936,0.9444444444,0.9736,0.7020547945,0.976,1,0.9944,0.8055555556,0.9776,0.2328767123,0.9728,0.4696969697
0x0039,0.9436,0.6584158416,0.9508,0.4698412698,0.948,0.7717391304,0.9132,0.1683168317,0.9342,0.1126984127,0.9532,0.2717391304
0x3061,0.9,0.4917127072,0.9311,0.3344887348,0.9348,0.8482142857,0.922,0.226519337,0.9317,0.09185441941,0.956,0.4196428571
0x30B0,0.9172,0.5810055866,0.9401,0.3706563707,0.908,0.5603448276,0.9268,0.1899441341,0.9467,0.1621621622,0.9452,0.25
0x3080,0.8696,0.3612334802,0.8987,0.200538358,0.9072,0.6783216783,0.906,0.2070484581,0.9151,0.08075370121,0.9576,0.5314685315
0x30E0,0.966,0.8,0.948,0.3515283843,0.9556,0.8762886598,0.9464,0.2620689655,0.9532,0.1419213974,0.9448,0.1958762887
0x0055,0.9436,0.6901408451,0.922,0.1372180451,0.9596,0.975,0.9288,0.1549295775,0.937,0.06766917293,0.9596,0.3375
0x004A,0.9396,0.3879310345,0.9576,0.264,0.9748,0.9111111111,0.9496,0.1896551724,0.96,0.1173333333,0.9768,0.3111111111
0x30DD,0.9204,0.6637931034,0.912,0.4126984127,0.874,0.4888888889,0.9088,0.1896551724,0.9322,0.1717171717,0.914,0.3111111111
0x3053,0.928,0.3457943925,0.9487,0.1585760518,0.9296,0.1403508772,0.9508,0.1495327103,0.9638,0.1035598706,0.9596,0.0701754386
0x30CD,0.9204,0.595,0.9236,0.1882160393,0.9432,1,0.9212,0.22,0.9277,0.04746317512,0.9536,0.40625
0x3050,0.9108,0.2926829268,0.941,0.1592178771,0.9572,1,0.9384,0.08130081301,0.9546,0.05027932961,0.968,0.3428571429
0x004B,0.91,0.4848484848,0.9223,0.1634980989,0.93,0.6043956044,0.8908,0.1471861472,0.9372,0.09315589354,0.9608,0.4505494505
0x0078,0.9392,0.4802631579,0.9358,0.1128318584,0.9212,0.08333333333,0.9296,0.09868421053,0.9459,0.02433628319,0.9584,0.03333333333
0x30B3,0.9556,0.6277372263,0.9575,0.3536299766,0.9132,0.1904761905,0.9508,0.2919708029,0.9597,0.1850117096,0.936,0.1785714286
0x3083,0.9408,0.6296296296,0.9473,0.3736263736,0.8908,0.2,0.9376,0.1975308642,0.9528,0.1538461538,0.934,0.03157894737
0x30E3,0.9508,0.6774193548,0.9588,0.3901808786,0.9176,0.380952381,0.946,0.185483871,0.9584,0.1240310078,0.942,0.04761904762
0x0056,0.9628,0.75,0.9695,0.5483870968,0.962,0.9512195122,0.9544,0.3719512195,0.9583,0.2217741935,0.9756,0.5243902439
0x304D,0.9116,0.6424581006,0.9263,0.3065953654,0.9284,0.8175675676,0.912,0.1452513966,0.9358,0.1087344029,0.9424,0.4121621622
0x3062,0.8832,0.4976303318,0.9072,0.237804878,0.8908,0.5538461538,0.8952,0.09478672986,0.9187,0.0487804878,0.9408,0.3461538462
0x0064,0.9408,0.6378378378,0.9506,0.4190317195,0.9392,0.88,0.9456,0.4378378378,0.9503,0.245409015,0.95,0.31
0x30F1,0.8808,0.1612903226,0.9129,0.03307392996,0.9004,0.03157894737,0.9096,0.03870967742,0.9352,0.01556420233,0.9344,0.1789473684
0x307F,0.884,0.4590909091,0.907,0.2341954023,0.9228,0.8510638298,0.9092,0.2045454545,0.9261,0.1350574713,0.9372,0.3404255319
0x30A1,0.9312,0.3879310345,0.9472,0.164305949,0.9144,0.08955223881,0.9492,0.1465517241,0.9583,0.07365439093,0.9516,0.07462686567
0x0071,0.9316,0.4946808511,0.9557,0.4266666667,0.9116,0.1914893617,0.9328,0.2819148936,0.9565,0.2685714286,0.932,0.01063829787
0x306C,0.908,0.6757679181,0.9192,0.4720982143,0.9112,0.8984771574,0.9048,0.3276450512,0.9169,0.2087053571,0.9116,0.3299492386
0x3059,0.9088,0.515,0.9279,0.2770870337,0.934,0.8416666667,0.9196,0.215,0.9428,0.1776198934,0.9632,0.5583333333
0x3077,0.928,0.595959596,0.9358,0.3741496599,0.9388,0.9622641509,0.9216,0.1111111111,0.9335,0.07993197279,0.9448,0.2452830189
0x006E,0.9252,0.3310810811,0.95,0.1906005222,0.9496,0.4444444444,0.9472,0.25,0.958,0.1070496084,0.9624,0.2063492063
0x3096,0.9324,0.4967320261,0.9324,0.1529680365,0.9308,0.6097560976,0.9464,0.2745098039,0.9474,0.07305936073,0.956,0.2804878049
0x0033,0.9196,0.5,0.9376,0.3378378378,0.9516,0.7471264368,0.9144,0.152173913,0.9413,0.1486486486,0.948,0.1494252874
0x30C6,0.9372,0.6149068323,0.9478,0.3629032258,0.9228,0.5568181818,0.9192,0.1118012422,0.947,0.127016129,0.9208,0.1704545455
0x0043,0.9624,0.7894736842,0.966,0.5565862709,0.9604,0.9135802469,0.9432,0.3391812865,0.9581,0.2653061224,0.9596,0.3209876543
0x30D6,0.9208,0.4844720497,0.9376,0.2757936508,0.8972,0.1052631579,0.9312,0.1801242236,0.9437,0.09722222222,0.936,0.09473684211
0x305A,0.8992,0.5491071429,0.9252,0.3554868624,0.8832,0.4965034965,0.91,0.2276785714,0.9267,0.1112828439,0.9288,0.3426573427
0x3045,0.9328,0.34,0.9531,0.1798107256,0.9328,0.1929824561,0.9488,0.07,0.9602,0.04100946372,0.9612,0.0701754386
0x30A8,0.9232,0.4353741497,0.949,0.2969543147,0.91,0.2747252747,0.9212,0.1292517007,0.9614,0.2055837563,0.9268,0.02197802198
0x30EB,0.9348,0.5976331361,0.9444,0.3515151515,0.9532,1,0.9388,0.2781065089,0.9485,0.1474747475,0.9504,0.2555555556
0x30F8,0.8812,0.453815261,0.8939,0.1452513966,0.904,0.5170454545,0.8788,0.1124497992,0.9123,0.04329608939,0.9776,0.8352272727
0x30BB,0.9664,0.8563218391,0.9537,0.4888888889,0.9356,0.8421052632,0.9324,0.2471264368,0.9429,0.09696969697,0.9532,0.4298245614
0x308B,0.8836,0.5388127854,0.906,0.3099173554,0.9172,0.8421052632,0.9024,0.1598173516,0.9247,0.1487603306,0.9364,0.3157894737
0x3072,0.9264,0.656779661,0.9313,0.390461997,0.9128,0.7518796992,0.9196,0.2796610169,0.9318,0.1445603577,0.9372,0.3082706767
0x30AE,0.9224,0.6763285024,0.9326,0.3937984496,0.8992,0.6585365854,0.9216,0.2560386473,0.934,0.1488372093,0.9676,0.593495935
0x306F,0.8996,0.53515625,0.9135,0.3304473304,0.93,0.9127516779,0.9036,0.24609375,0.9271,0.1500721501,0.9312,0.3288590604
0x0074,0.9624,0.5367647059,0.9631,0.315625,0.954,0.2549019608,0.95,0.2647058824,0.9723,0.215625,0.956,0.1764705882
0x0068,0.9188,0.3597560976,0.937,0.1601830664,0.964,0.9090909091,0.948,0.4024390244,0.9503,0.1624713959,0.9716,0.5584415584
0x305D,0.9512,0.9090909091,0.9537,0.6137026239,0.922,0.9015151515,0.9356,0.3722943723,0.9475,0.2827988338,0.9388,0.2727272727
0x0046,0.9572,0.5408805031,0.978,0.6547945205,0.9424,0.4461538462,0.9328,0.251572327,0.9566,0.2109589041,0.9476,0.04615384615
0x30D3,0.8976,0.3225806452,0.9402,0.2777777778,0.9028,0.2448979592,0.9188,0.08387096774,0.9493,0.1066666667,0.936,0.1734693878
0x0036,0.9296,0.5862068966,0.9277,0.2610687023,0.9372,0.8965517241,0.9136,0.1921182266,0.9314,0.1129770992,0.9484,0.2068965517
0x3093,0.9068,0.5081081081,0.9307,0.3128205128,0.9396,0.8648648649,0.9224,0.1783783784,0.9401,0.1435897436,0.9572,0.3783783784
0x30C3,0.97,0.7865168539,0.9744,0.4807017544,0.9152,0,0.9748,0.3483146067,0.9773,0.2385964912,0.9592,0
0x304A,0.8864,0.5146443515,0.9084,0.3025,0.9216,0.9057971014,0.8876,0.1338912134,0.9091,0.1075,0.9548,0.5507246377
0x30E6,0.9168,0.3973509934,0.9416,0.2232346241,0.9068,0.2115384615,0.934,0.2251655629,0.9517,0.1230068337,0.9344,0.1057692308
0x0053,0.9344,0.6262135922,0.9345,0.3298507463,0.9564,0.9032258065,0.9152,0.2038834951,0.9379,0.1731343284,0.9556,0.3010752688
0x30B6,0.9132,0.6180904523,0.925,0.3255813953,0.9236,0.9159663866,0.9276,0.3266331658,0.9381,0.1968992248,0.9476,0.6386554622
0x3086,0.9224,0.7415730337,0.9232,0.4343434343,0.9156,0.9433962264,0.9088,0.2808988764,0.9232,0.1755050505,0.9384,0.4905660377
0x30CB,0.9308,0.3416666667,0.9584,0.2238267148,0.918,0,0.9404,0.1083333333,0.969,0.1516245487,0.9256,0
0x30DB,0.9428,0.7277777778,0.9497,0.4525043178,0.9124,0.641509434,0.9376,0.3055555556,0.9486,0.2124352332,0.9708,0.7830188679
0x3055,0.93,0.5534591195,0.9422,0.337944664,0.9244,0.7142857143,0.9352,0.2075471698,0.9431,0.08498023715,0.9484,0.3697478992
0x3049,0.9032,0.4784688995,0.9274,0.2940226171,0.8824,0.3577235772,0.9104,0.1244019139,0.9301,0.09208400646,0.9296,0.2520325203
0x30A4,0.9608,0.6554621849,0.961,0.3305555556,0.9664,1,0.9608,0.2857142857,0.9591,0.08611111111,0.9868,0.7142857143
0x307C,0.8208,0.3583061889,0.874,0.2258426966,0.8508,0.4787878788,0.8512,0.1074918567,0.8935,0.07752808989,0.9116,0.2727272727
0x0061,0.906,0.3453608247,0.9355,0.2251407129,0.922,0.2289156627,0.91,0.09278350515,0.9408,0.09380863039,0.9476,0.09638554217
0x30F4,0.9052,0.5104166667,0.9305,0.3409461664,0.8916,0.3577981651,0.9188,0.1666666667,0.9296,0.08646003263,0.9492,0.3302752294
0x3067,0.8708,0.2615384615,0.9039,0.06770833333,0.8852,0.3428571429,0.898,0.04102564103,0.9299,0.02951388889,0.9336,0.08571428571